{
  "_format": "hh-sol-cache-2",
  "files": {
    "C:\\Users\\pc\\Blockchain-Voting-System\\contracts\\VotingSystem.sol": {
      "lastModificationDate": 1753701108183,
      "contentHash": "82da96b7aeab65b7a067a4de47a6a9d4",
      "sourceName": "contracts/VotingSystem.sol",
      "solcConfig": {
        "version": "0.8.20",
        "settings": {
          "evmVersion": "paris",
          "optimizer": {
            "enabled": false,
            "runs": 200
          },
          "outputSelection": {
            "*": {
              "*": [
                "abi",
                "evm.bytecode",
                "evm.deployedBytecode",
                "evm.methodIdentifiers",
                "metadata"
              ],
              "": [
                "ast"
              ]
            }
          }
        }
      },
      "imports": [],
      "versionPragmas": [
        "^0.8.20"
      ],
      "artifacts": [
        "VotingSystem"
      ]
    }
  }
}
